1679.3,   0.000, 0.0000, 276.752
1679.8,  -0.056, -0.0565, 276.725
1680.3,  -0.113, -0.0560, 276.699
1680.8,  -0.168, -0.0554, 276.673
1681.3,  -0.223, -0.0548, 276.647
1681.8,  -0.277, -0.0539, 276.622
1682.3,  -0.330, -0.0531, 276.596
1682.8,  -0.382, -0.0520, 276.572
1683.3,  -0.433, -0.0509, 276.548
1683.8,  -0.483, -0.0499, 276.524
1684.3,  -0.531, -0.0488, 276.502
1684.8,  -0.579, -0.0473, 276.479
1685.3,  -0.625, -0.0461, 276.457
1685.8,  -0.669, -0.0446, 276.437
1686.3,  -0.712, -0.0431, 276.416
1686.8,  -0.754, -0.0414, 276.397
1687.3,  -0.793, -0.0397, 276.378
1687.8,  -0.831, -0.0380, 276.360
1688.3,  -0.868, -0.0361, 276.343
1688.8,  -0.902, -0.0342, 276.327
1689.3,  -0.934, -0.0321, 276.312
1689.8,  -0.964, -0.0301, 276.298
1690.3,  -0.992, -0.0278, 276.285
1690.8,  -1.018, -0.0259, 276.272
1691.3,  -1.041, -0.0236, 276.261
1691.8,  -1.063, -0.0217, 276.251
1692.3,  -1.082, -0.0195, 276.242
1692.8,  -1.100, -0.0174, 276.234
1693.3,  -1.115, -0.0155, 276.226
1693.8,  -1.129, -0.0134, 276.220
1694.3,  -1.140, -0.0115, 276.215
1694.8,  -1.150, -0.0096, 276.210
1695.3,  -1.157, -0.0074, 276.207
1695.8,  -1.163, -0.0055, 276.204
1696.3,  -1.166, -0.0038, 276.202
1696.8,  -1.168, -0.0017, 276.202
1697.3,  -1.168, 0.0002, 276.202
1697.8,  -1.166, 0.0019, 276.202
1698.3,  -1.162, 0.0038, 276.204
1698.8,  -1.156, 0.0057, 276.207
1699.3,  -1.149, 0.0074, 276.211
1699.8,  -1.140, 0.0093, 276.215
1700.3,  -1.129, 0.0110, 276.220
1700.8,  -1.116, 0.0127, 276.226
1701.3,  -1.101, 0.0146, 276.233
1701.8,  -1.085, 0.0161, 276.241
1702.3,  -1.067, 0.0180, 276.249
1702.8,  -1.048, 0.0195, 276.258
1703.3,  -1.026, 0.0214, 276.268
1703.8,  -1.003, 0.0229, 276.279
1704.3,  -0.979, 0.0244, 276.291
1704.8,  -0.953, 0.0261, 276.303
1705.3,  -0.925, 0.0278, 276.316
1705.8,  -0.896, 0.0293, 276.330
1706.3,  -0.865, 0.0308, 276.344
1706.8,  -0.832, 0.0325, 276.360
1707.3,  -0.798, 0.0340, 276.376
1707.8,  -0.763, 0.0352, 276.392
1708.3,  -0.726, 0.0369, 276.410
1708.8,  -0.688, 0.0384, 276.428
1709.3,  -0.648, 0.0397, 276.447
1709.8,  -0.607, 0.0412, 276.466
1710.3,  -0.564, 0.0425, 276.486
1710.8,  -0.521, 0.0439, 276.507
1711.3,  -0.475, 0.0454, 276.528
1711.8,  -0.428, 0.0467, 276.550
1712.3,  -0.380, 0.0480, 276.573
1712.8,  -0.331, 0.0492, 276.596
1713.3,  -0.281, 0.0505, 276.620
1713.8,  -0.229, 0.0520, 276.644
1714.3,  -0.176, 0.0531, 276.669
1714.8,  -0.121, 0.0543, 276.695
1715.3,  -0.066, 0.0556, 276.721
1715.8,  -0.009, 0.0567, 276.748
1716.3,   0.049, 0.0580, 276.775
1716.8,   0.108, 0.0590, 276.803
1717.3,   0.168, 0.0603, 276.831
1717.8,   0.230, 0.0613, 276.860
1718.3,   0.292, 0.0624, 276.889
1718.8,   0.356, 0.0637, 276.919
1719.3,   0.420, 0.0645, 276.950
1719.8,   0.486, 0.0656, 276.981
1720.3,   0.553, 0.0667, 277.012
1720.8,   0.620, 0.0677, 277.044
1721.3,   0.689, 0.0688, 277.076
1721.8,   0.759, 0.0696, 277.109
1722.3,   0.829, 0.0707, 277.142
1722.8,   0.901, 0.0715, 277.176
1723.3,   0.973, 0.0724, 277.210
1723.8,   1.046, 0.0728, 277.245
1724.3,   1.119, 0.0728, 277.279
1724.8,   1.191, 0.0724, 277.313
1725.3,   1.263, 0.0715, 277.347
1725.8,   1.333, 0.0701, 277.380
1726.3,   1.401, 0.0681, 277.412
1726.8,   1.467, 0.0660, 277.443
1727.3,   1.530, 0.0630, 277.473
1727.8,   1.590, 0.0599, 277.501
1728.3,   1.646, 0.0563, 277.527
1728.8,   1.698, 0.0522, 277.552
1729.3,   1.746, 0.0473, 277.574
1729.8,   1.788, 0.0425, 277.594
1730.3,   1.825, 0.0369, 277.612
1730.8,   1.856, 0.0310, 277.626
1731.3,   1.881, 0.0246, 277.638
1731.8,   1.898, 0.0176, 277.646
1732.3,   1.909, 0.0102, 277.651
1732.8,   1.911, 0.0023, 277.652
1733.3,   1.905, -0.0057, 277.649
1733.8,   1.891, -0.0146, 277.642
1734.3,   1.867, -0.0236, 277.631
1734.8,   1.834, -0.0329, 277.616
1735.3,   1.793, -0.0414, 277.596
1735.8,   1.743, -0.0495, 277.573
1736.3,   1.687, -0.0565, 277.546
1736.8,   1.624, -0.0630, 277.517
1737.3,   1.555, -0.0690, 277.484
1737.8,   1.480, -0.0743, 277.449
1738.3,   1.401, -0.0790, 277.412
1738.8,   1.318, -0.0830, 277.373
1739.3,   1.232, -0.0862, 277.332
1739.8,   1.143, -0.0889, 277.290
1740.3,   1.052, -0.0909, 277.248
1740.8,   0.960, -0.0923, 277.204
1741.3,   0.867, -0.0930, 277.160
1741.8,   0.774, -0.0930, 277.116
1742.3,   0.682, -0.0926, 277.073
1742.8,   0.590, -0.0913, 277.030
1743.3,   0.501, -0.0896, 276.988
1743.8,   0.413, -0.0875, 276.947
1744.3,   0.328, -0.0858, 276.906
1744.8,   0.244, -0.0834, 276.867
1745.3,   0.163, -0.0813, 276.829
1745.8,   0.084, -0.0790, 276.791
1746.3,   0.007, -0.0766, 276.755
1746.8,  -0.067, -0.0741, 276.720
1747.3,  -0.138, -0.0715, 276.687
1747.8,  -0.207, -0.0690, 276.654
1748.3,  -0.273, -0.0660, 276.623
1748.8,  -0.336, -0.0630, 276.593
1749.3,  -0.397, -0.0603, 276.565
1749.8,  -0.454, -0.0571, 276.538
1750.3,  -0.508, -0.0539, 276.513
1750.8,  -0.558, -0.0507, 276.489
1751.3,  -0.606, -0.0473, 276.466
1751.8,  -0.650, -0.0437, 276.446
1752.3,  -0.690, -0.0403, 276.427
1752.8,  -0.727, -0.0367, 276.409
1753.3,  -0.760, -0.0329, 276.394
1753.8,  -0.789, -0.0295, 276.380
1754.3,  -0.815, -0.0257, 276.368
1754.8,  -0.837, -0.0221, 276.358
1755.3,  -0.855, -0.0185, 276.349
1755.8,  -0.870, -0.0149, 276.342
1756.3,  -0.881, -0.0110, 276.337
1756.8,  -0.889, -0.0074, 276.333
1757.3,  -0.892, -0.0038, 276.331
1757.8,  -0.892, 0.0000, 276.331
1758.3,  -0.889, 0.0038, 276.333
1758.8,  -0.881, 0.0074, 276.337
1759.3,  -0.870, 0.0110, 276.342
1759.8,  -0.855, 0.0151, 276.349
1760.3,  -0.836, 0.0187, 276.358
1760.8,  -0.814, 0.0223, 276.368
1761.3,  -0.788, 0.0263, 276.381
1761.8,  -0.758, 0.0299, 276.395
1762.3,  -0.724, 0.0338, 276.411
1762.8,  -0.687, 0.0376, 276.428
1763.3,  -0.645, 0.0414, 276.448
1763.8,  -0.600, 0.0452, 276.469
1764.3,  -0.551, 0.0488, 276.492
1764.8,  -0.499, 0.0524, 276.517
1765.3,  -0.443, 0.0554, 276.543
1765.8,  -0.385, 0.0584, 276.570
1766.3,  -0.324, 0.0611, 276.599
1766.8,  -0.260, 0.0637, 276.629
1767.3,  -0.194, 0.0658, 276.660
1767.8,  -0.127, 0.0677, 276.692
1768.3,  -0.057, 0.0694, 276.725
1768.8,   0.014, 0.0709, 276.758
1769.3,   0.086, 0.0722, 276.792
1769.8,   0.159, 0.0730, 276.827
1770.3,   0.233, 0.0739, 276.861
1770.8,   0.307, 0.0743, 276.897
1771.3,   0.382, 0.0747, 276.932
1771.8,   0.456, 0.0745, 276.967
1772.3,   0.531, 0.0743, 277.002
1772.8,   0.605, 0.0739, 277.037
1773.3,   0.678, 0.0730, 277.071
1773.8,   0.750, 0.0722, 277.105
1774.3,   0.821, 0.0711, 277.139
1774.8,   0.892, 0.0711, 277.172
1775.3,   0.964, 0.0720, 277.206
1775.8,   1.038, 0.0741, 277.241
1776.3,   1.115, 0.0771, 277.277
1776.8,   1.196, 0.0813, 277.315
1777.3,   1.283, 0.0862, 277.356
1777.8,   1.375, 0.0921, 277.399
1778.3,   1.474, 0.0996, 277.446
1778.8,   1.582, 0.1074, 277.497
1779.3,   1.698, 0.1168, 277.552
1779.8,   1.825, 0.1269, 277.612
1780.3,   1.964, 0.1382, 277.677
1780.8,   2.114, 0.1503, 277.748
1781.3,   2.277, 0.1628, 277.824
1781.8,   2.451, 0.1747, 277.907
1782.3,   2.637, 0.1857, 277.994
1782.8,   2.833, 0.1959, 278.086
1783.3,   3.039, 0.2057, 278.183
1783.8,   3.253, 0.2146, 278.284
1784.3,   3.476, 0.2227, 278.389
1784.8,   3.706, 0.2301, 278.498
1785.3,   3.943, 0.2369, 278.609
1785.8,   4.186, 0.2428, 278.724
1786.3,   4.434, 0.2482, 278.841
1786.8,   4.687, 0.2526, 278.960
1787.3,   4.943, 0.2564, 279.080
1787.8,   5.202, 0.2594, 279.203
1788.3,   5.464, 0.2617, 279.326
1788.8,   5.728, 0.2634, 279.450
1789.3,   5.992, 0.2643, 279.575
1789.8,   6.256, 0.2645, 279.699
1790.3,   6.520, 0.2639, 279.823
1790.8,   6.783, 0.2626, 279.947
1791.3,   7.044, 0.2607, 280.070
1791.8,   7.301, 0.2577, 280.191
1792.3,   7.556, 0.2543, 280.311
1792.8,   7.806, 0.2501, 280.429
1793.3,   8.051, 0.2452, 280.544
1793.8,   8.290, 0.2394, 280.657
1794.3,   8.523, 0.2331, 280.767
1794.8,   8.749, 0.2261, 280.873
1795.3,   8.969, 0.2193, 280.977
1795.8,   9.182, 0.2131, 281.077
1796.3,   9.390, 0.2078, 281.175
1796.8,   9.593, 0.2031, 281.271
1797.3,   9.792, 0.1989, 281.365
1797.8,   9.987, 0.1957, 281.457
1798.3,  10.180, 0.1927, 281.548
1798.8,  10.371, 0.1908, 281.637
1799.3,  10.560, 0.1894, 281.727
1799.8,  10.749, 0.1887, 281.815
1800.3,  10.937, 0.1883, 281.904
1800.8,  11.124, 0.1870, 281.992
1801.3,  11.310, 0.1853, 282.080
1801.8,  11.493, 0.1834, 282.166
1802.3,  11.674, 0.1809, 282.251
1802.8,  11.852, 0.1777, 282.335
1803.3,  12.026, 0.1743, 282.417
1803.8,  12.196, 0.1702, 282.497
1804.3,  12.362, 0.1658, 282.575
1804.8,  12.523, 0.1607, 282.651
1805.3,  12.678, 0.1552, 282.724
1805.8,  12.827, 0.1492, 282.794
1806.3,  12.970, 0.1426, 282.862
1806.8,  13.105, 0.1356, 282.925
1807.3,  13.233, 0.1282, 282.986
1807.8,  13.354, 0.1204, 283.043
1808.3,  13.466, 0.1119, 283.095
1808.8,  13.568, 0.1027, 283.144
1809.3,  13.662, 0.0934, 283.188
1809.8,  13.745, 0.0836, 283.227
1810.3,  13.819, 0.0730, 283.262
1810.8,  13.881, 0.0622, 283.291
1811.3,  13.931, 0.0507, 283.315
1811.8,  13.970, 0.0388, 283.333
1812.3,  13.997, 0.0265, 283.346
1812.8,  14.010, 0.0136, 283.352
1813.3,  14.011, 0.0002, 283.352
1813.8,  13.997, -0.0136, 283.346
1814.3,  13.969, -0.0280, 283.332
1814.8,  13.927, -0.0425, 283.312
1815.3,  13.871, -0.0556, 283.286
1815.8,  13.804, -0.0673, 283.255
1816.3,  13.726, -0.0779, 283.218
1816.8,  13.639, -0.0868, 283.177
1817.3,  13.544, -0.0945, 283.132
1817.8,  13.444, -0.1006, 283.085
1818.3,  13.338, -0.1055, 283.035
1818.8,  13.229, -0.1091, 282.984
1819.3,  13.118, -0.1112, 282.932
1819.8,  13.006, -0.1119, 282.879
1820.3,  12.895, -0.1110, 282.827
1820.8,  12.786, -0.1091, 282.775
1821.3,  12.681, -0.1055, 282.725
1821.8,  12.580, -0.1008, 282.678
1822.3,  12.485, -0.0945, 282.633
1822.8,  12.398, -0.0868, 282.592
1823.3,  12.320, -0.0779, 282.556
1823.8,  12.253, -0.0675, 282.524
1824.3,  12.198, -0.0554, 282.498
1824.8,  12.155, -0.0425, 282.478
1825.3,  12.127, -0.0278, 282.465
1825.8,  12.115, -0.0119, 282.459
1826.3,  12.121, 0.0053, 282.462
1826.8,  12.144, 0.0236, 282.473
1827.3,  12.185, 0.0408, 282.492
1827.8,  12.242, 0.0573, 282.519
1828.3,  12.315, 0.0730, 282.553
1828.8,  12.403, 0.0877, 282.595
1829.3,  12.505, 0.1019, 282.643
1829.8,  12.620, 0.1151, 282.697
1830.3,  12.747, 0.1274, 282.757
1830.8,  12.886, 0.1390, 282.822
1831.3,  13.036, 0.1499, 282.893
1831.8,  13.196, 0.1596, 282.968
1832.3,  13.365, 0.1690, 283.048
1832.8,  13.542, 0.1770, 283.131
1833.3,  13.727, 0.1847, 283.218
1833.8,  13.918, 0.1915, 283.308
1834.3,  14.115, 0.1970, 283.401
1834.8,  14.317, 0.2023, 283.497
1835.3,  14.524, 0.2068, 283.594
1835.8,  14.735, 0.2110, 283.693
1836.3,  14.950, 0.2148, 283.795
1836.8,  15.169, 0.2186, 283.897
1837.3,  15.391, 0.2220, 284.002
1837.8,  15.616, 0.2252, 284.108
1838.3,  15.844, 0.2280, 284.216
1838.8,  16.074, 0.2305, 284.324
1839.3,  16.307, 0.2327, 284.434
1839.8,  16.541, 0.2341, 284.544
1840.3,  16.777, 0.2354, 284.655
1840.8,  17.013, 0.2363, 284.766
1841.3,  17.249, 0.2365, 284.878
1841.8,  17.486, 0.2363, 284.989
1842.3,  17.721, 0.2358, 285.100
1842.8,  17.956, 0.2348, 285.211
1843.3,  18.189, 0.2333, 285.321
1843.8,  18.421, 0.2316, 285.430
1844.3,  18.651, 0.2295, 285.538
1844.8,  18.878, 0.2278, 285.645
1845.3,  19.106, 0.2276, 285.752
1845.8,  19.335, 0.2293, 285.860
1846.3,  19.567, 0.2318, 285.969
1846.8,  19.800, 0.2333, 286.079
1847.3,  20.032, 0.2314, 286.188
1847.8,  20.257, 0.2259, 286.295
1848.3,  20.475, 0.2174, 286.397
1848.8,  20.680, 0.2053, 286.494
1849.3,  20.870, 0.1900, 286.583
1849.8,  21.042, 0.1724, 286.665
1850.3,  21.196, 0.1539, 286.737
1850.8,  21.330, 0.1339, 286.800
1851.3,  21.443, 0.1131, 286.853
1851.8,  21.535, 0.0911, 286.896
1852.3,  21.602, 0.0679, 286.928
1852.8,  21.647, 0.0442, 286.949
1853.3,  21.668, 0.0217, 286.959
1853.8,  21.670, 0.0015, 286.960
1854.3,  21.653, -0.0172, 286.952
1854.8,  21.619, -0.0335, 286.936
1855.3,  21.571, -0.0480, 286.914
1855.8,  21.511, -0.0603, 286.885
1856.3,  21.440, -0.0705, 286.852
1856.8,  21.362, -0.0788, 286.815
1857.3,  21.277, -0.0849, 286.775
1857.8,  21.188, -0.0889, 286.733
1858.3,  21.097, -0.0909, 286.690
1858.8,  21.006, -0.0909, 286.647
1859.3,  20.917, -0.0887, 286.606
1859.8,  20.833, -0.0845, 286.566
1860.3,  20.754, -0.0790, 286.529
1860.8,  20.683, -0.0711, 286.495
1861.3,  20.621, -0.0620, 286.466
1861.8,  20.570, -0.0505, 286.442
1862.3,  20.532, -0.0378, 286.424
1862.8,  20.509, -0.0229, 286.413
1863.3,  20.503, -0.0064, 286.411
1863.8,  20.515, 0.0119, 286.416
1864.3,  20.547, 0.0321, 286.431
1864.8,  20.600, 0.0526, 286.456
1865.3,  20.673, 0.0734, 286.491
1865.8,  20.767, 0.0938, 286.535
1866.3,  20.881, 0.1142, 286.589
1866.8,  21.016, 0.1348, 286.652
1867.3,  21.171, 0.1547, 286.725
1867.8,  21.344, 0.1732, 286.807
1868.3,  21.533, 0.1889, 286.896
1868.8,  21.735, 0.2017, 286.991
1869.3,  21.946, 0.2119, 287.090
1869.8,  22.166, 0.2193, 287.194
1870.3,  22.391, 0.2254, 287.300
1870.8,  22.621, 0.2297, 287.408
1871.3,  22.853, 0.2324, 287.518
1871.8,  23.087, 0.2337, 287.628
1872.3,  23.320, 0.2331, 287.738
1872.8,  23.551, 0.2307, 287.846
1873.3,  23.778, 0.2269, 287.953
1873.8,  23.998, 0.2208, 288.057
1874.3,  24.210, 0.2116, 288.157
1874.8,  24.412, 0.2023, 288.252
1875.3,  24.607, 0.1942, 288.344
1875.8,  24.794, 0.1879, 288.432
1876.3,  24.977, 0.1830, 288.518
1876.8,  25.157, 0.1798, 288.603
1877.3,  25.335, 0.1779, 288.687
1877.8,  25.513, 0.1777, 288.771
1878.3,  25.692, 0.1792, 288.855
1878.8,  25.874, 0.1819, 288.941
1879.3,  26.060, 0.1864, 289.028
1879.8,  26.253, 0.1925, 289.119
1880.3,  26.453, 0.2000, 289.213
1880.8,  26.662, 0.2091, 289.312
1881.3,  26.882, 0.2197, 289.415
1881.8,  27.113, 0.2318, 289.524
1882.3,  27.359, 0.2458, 289.640
1882.8,  27.620, 0.2609, 289.763
1883.3,  27.898, 0.2777, 289.894
1883.8,  28.194, 0.2963, 290.034
1884.3,  28.510, 0.3161, 290.183
1884.8,  28.847, 0.3369, 290.341
1885.3,  29.204, 0.3573, 290.510
1885.8,  29.580, 0.3762, 290.687
1886.3,  29.974, 0.3940, 290.872
1886.8,  30.385, 0.4105, 291.066
1887.3,  30.810, 0.4254, 291.266
1887.8,  31.249, 0.4390, 291.473
1888.3,  31.700, 0.4509, 291.685
1888.8,  32.162, 0.4617, 291.903
1889.3,  32.633, 0.4706, 292.125
1889.8,  33.110, 0.4778, 292.350
1890.3,  33.593, 0.4827, 292.577
1890.8,  34.078, 0.4851, 292.805
1891.3,  34.563, 0.4851, 293.034
1891.8,  35.046, 0.4831, 293.262
1892.3,  35.525, 0.4783, 293.487
1892.8,  35.996, 0.4715, 293.709
1893.3,  36.458, 0.4623, 293.927
1893.8,  36.909, 0.4507, 294.139
1894.3,  37.346, 0.4367, 294.345
1894.8,  37.766, 0.4199, 294.543
1895.3,  38.166, 0.4001, 294.731
1895.8,  38.543, 0.3774, 294.909
1896.3,  38.895, 0.3517, 295.075
1896.8,  39.221, 0.3263, 295.228
1897.3,  39.525, 0.3040, 295.372
1897.8,  39.809, 0.2842, 295.505
1898.3,  40.077, 0.2677, 295.632
1898.8,  40.331, 0.2539, 295.751
1899.3,  40.574, 0.2428, 295.865
1899.8,  40.809, 0.2354, 295.976
1900.3,  41.040, 0.2307, 296.085
1900.8,  41.269, 0.2295, 296.193
1901.3,  41.501, 0.2316, 296.302
1901.8,  41.738, 0.2369, 296.414
1902.3,  41.983, 0.2456, 296.530
1902.8,  42.240, 0.2564, 296.650
1903.3,  42.509, 0.2694, 296.777
1903.8,  42.793, 0.2840, 296.911
1904.3,  43.094, 0.3004, 297.053
1904.8,  43.410, 0.3165, 297.202
1905.3,  43.741, 0.3312, 297.358
1905.8,  44.085, 0.3439, 297.520
1906.3,  44.441, 0.3553, 297.687
1906.8,  44.806, 0.3651, 297.859
1907.3,  45.179, 0.3730, 298.035
1907.8,  45.558, 0.3795, 298.214
1908.3,  45.942, 0.3842, 298.395
1908.8,  46.330, 0.3874, 298.577
1909.3,  46.719, 0.3889, 298.760
1909.8,  47.110, 0.3908, 298.944
1910.3,  47.504, 0.3944, 299.130
1910.8,  47.904, 0.3997, 299.318
1911.3,  48.311, 0.4069, 299.510
1911.8,  48.726, 0.4154, 299.706
1912.3,  49.151, 0.4248, 299.906
1912.8,  49.584, 0.4333, 300.110
1913.3,  50.026, 0.4415, 300.318
1913.8,  50.475, 0.4492, 300.530
1914.3,  50.931, 0.4562, 300.745
1914.8,  51.393, 0.4621, 300.962
1915.3,  51.860, 0.4666, 301.182
1915.8,  52.329, 0.4691, 301.403
1916.3,  52.799, 0.4702, 301.625
1916.8,  53.269, 0.4698, 301.846
1917.3,  53.736, 0.4676, 302.066
1917.8,  54.200, 0.4636, 302.285
1918.3,  54.658, 0.4583, 302.500
1918.8,  55.110, 0.4513, 302.713
1919.3,  55.553, 0.4430, 302.922
1919.8,  55.988, 0.4354, 303.127
1920.3,  56.416, 0.4282, 303.329
1920.8,  56.839, 0.4224, 303.528
1921.3,  57.256, 0.4173, 303.724
1921.8,  57.669, 0.4133, 303.919
1922.3,  58.080, 0.4103, 304.112
1922.8,  58.488, 0.4082, 304.305
1923.3,  58.895, 0.4069, 304.496
1923.8,  59.300, 0.4052, 304.687
1924.3,  59.703, 0.4031, 304.877
1924.8,  60.104, 0.4008, 305.066
1925.3,  60.502, 0.3980, 305.253
1925.8,  60.897, 0.3955, 305.440
1926.3,  61.290, 0.3927, 305.625
1926.8,  61.680, 0.3897, 305.808
1927.3,  62.066, 0.3866, 305.990
1927.8,  62.450, 0.3834, 306.171
1928.3,  62.830, 0.3802, 306.350
1928.8,  63.206, 0.3766, 306.527
1929.3,  63.580, 0.3734, 306.703
1929.8,  63.951, 0.3713, 306.878
1930.3,  64.321, 0.3698, 307.052
1930.8,  64.690, 0.3687, 307.226
1931.3,  65.058, 0.3683, 307.400
1931.8,  65.426, 0.3685, 307.573
1932.3,  65.796, 0.3694, 307.747
1932.8,  66.166, 0.3706, 307.922
1933.3,  66.539, 0.3725, 308.097
1933.8,  66.913, 0.3740, 308.274
1934.3,  67.288, 0.3749, 308.450
1934.8,  67.663, 0.3749, 308.627
1935.3,  68.036, 0.3730, 308.802
1935.8,  68.405, 0.3689, 308.976
1936.3,  68.767, 0.3628, 309.147
1936.8,  69.122, 0.3543, 309.314
1937.3,  69.465, 0.3437, 309.476
1937.8,  69.795, 0.3301, 309.631
1938.3,  70.110, 0.3142, 309.779
1938.8,  70.405, 0.2953, 309.918
1939.3,  70.679, 0.2738, 310.048
1939.8,  70.929, 0.2503, 310.165
1940.3,  71.155, 0.2261, 310.272
1940.8,  71.358, 0.2025, 310.367
1941.3,  71.538, 0.1809, 310.452
1941.8,  71.700, 0.1620, 310.529
1942.3,  71.846, 0.1454, 310.597
1942.8,  71.977, 0.1316, 310.659
1943.3,  72.098, 0.1208, 310.716
1943.8,  72.211, 0.1129, 310.769
1944.3,  72.319, 0.1078, 310.820
1944.8,  72.425, 0.1061, 310.870
1945.3,  72.533, 0.1080, 310.921
1945.8,  72.646, 0.1127, 310.974
1946.3,  72.765, 0.1189, 311.030
1946.8,  72.892, 0.1276, 311.090
1947.3,  73.031, 0.1384, 311.156
1947.8,  73.182, 0.1516, 311.227
1948.3,  73.349, 0.1666, 311.305
1948.8,  73.532, 0.1830, 311.392
1949.3,  73.731, 0.1995, 311.486
1949.8,  73.948, 0.2163, 311.587
1950.3,  74.181, 0.2333, 311.697
1950.8,  74.432, 0.2511, 311.816
1951.3,  74.703, 0.2704, 311.943
1951.8,  74.994, 0.2917, 312.080
1952.3,  75.309, 0.3146, 312.229
1952.8,  75.648, 0.3390, 312.388
1953.3,  76.013, 0.3653, 312.560
1953.8,  76.406, 0.3925, 312.745
1954.3,  76.827, 0.4209, 312.944
1954.8,  77.276, 0.4490, 313.155
1955.3,  77.751, 0.4757, 313.379
1955.8,  78.253, 0.5018, 313.616
1956.3,  78.780, 0.5267, 313.864
1956.8,  79.331, 0.5513, 314.123
1957.3,  79.906, 0.5748, 314.394
1957.8,  80.504, 0.5978, 314.676
1958.3,  81.123, 0.6192, 314.968
1958.8,  81.763, 0.6398, 315.269
1959.3,  82.422, 0.6591, 315.579
1959.8,  83.099, 0.6776, 315.899
1960.3,  83.794, 0.6950, 316.226
1960.8,  84.506, 0.7115, 316.561
1961.3,  85.233, 0.7273, 316.904
1961.8,  85.976, 0.7430, 317.254
1962.3,  86.735, 0.7587, 317.611
1962.8,  87.510, 0.7748, 317.976
1963.3,  88.301, 0.7914, 318.349
1963.8,  89.110, 0.8090, 318.730
1964.3,  89.938, 0.8277, 319.120
1964.8,  90.785, 0.8472, 319.519
1965.3,  91.653, 0.8680, 319.928
1965.8,  92.542, 0.8894, 320.347
1966.3,  93.454, 0.9117, 320.777
1966.8,  94.388, 0.9340, 321.217
1967.3,  95.345, 0.9567, 321.667
1967.8,  96.324, 0.9797, 322.129
1968.3,  97.328, 1.0032, 322.601
1968.8,  98.354, 1.0268, 323.085
1969.3,  99.405, 1.0503, 323.580
1969.8, 100.478, 1.0737, 324.086
1970.3, 101.575, 1.0968, 324.602
1970.8, 102.695, 1.1200, 325.130
1971.3, 103.838, 1.1431, 325.668
1971.8, 105.005, 1.1665, 326.218
1972.3, 106.195, 1.1900, 326.779
1972.8, 107.408, 1.2134, 327.350
1973.3, 108.645, 1.2365, 327.933
1973.8, 109.904, 1.2590, 328.526
1974.3, 111.185, 1.2817, 329.130
1974.8, 112.490, 1.3044, 329.744
1975.3, 113.818, 1.3278, 330.370
1975.8, 115.169, 1.3511, 331.006
1976.3, 116.543, 1.3747, 331.654
1976.8, 117.942, 1.3980, 332.312
1977.3, 119.362, 1.4206, 332.981
1977.8, 120.804, 1.4418, 333.661
1978.3, 122.266, 1.4617, 334.349
1978.8, 123.746, 1.4800, 335.046
1979.3, 125.242, 1.4963, 335.751
1979.8, 126.753, 1.5110, 336.463
1980.3, 128.277, 1.5239, 337.181
1980.8, 129.812, 1.5350, 337.904
1981.3, 131.356, 1.5445, 338.632
1981.8, 132.909, 1.5528, 339.363
1982.3, 134.469, 1.5600, 340.098
1982.8, 136.036, 1.5666, 340.836
1983.3, 137.608, 1.5719, 341.577
1983.8, 139.184, 1.5764, 342.319
1984.3, 140.764, 1.5798, 343.063
1984.8, 142.346, 1.5825, 343.809
1985.3, 143.931, 1.5844, 344.555
1985.8, 145.516, 1.5855, 345.302
1986.3, 147.102, 1.5859, 346.049
1986.8, 148.688, 1.5857, 346.796
1987.3, 150.272, 1.5844, 347.543
1987.8, 151.854, 1.5819, 348.288
1988.3, 153.433, 1.5785, 349.032
1988.8, 155.006, 1.5736, 349.773
1989.3, 156.575, 1.5685, 350.512
1989.8, 158.138, 1.5636, 351.248
1990.3, 159.698, 1.5598, 351.983
1990.8, 161.256, 1.5577, 352.717
1991.3, 162.813, 1.5577, 353.451
1991.8, 164.374, 1.5604, 354.186
1992.3, 165.940, 1.5662, 354.924
1992.8, 167.516, 1.5757, 355.666
1993.3, 169.104, 1.5887, 356.414
1993.8, 170.710, 1.6052, 357.171
1994.3, 172.334, 1.6243, 357.936
1994.8, 173.980, 1.6456, 358.711
1995.3, 175.648, 1.6681, 359.497
1995.8, 177.340, 1.6918, 360.294
1996.3, 179.055, 1.7158, 361.102
1996.8, 180.795, 1.7400, 361.922
1997.3, 182.560, 1.7649, 362.753
1997.8, 184.349, 1.7891, 363.596
1998.3, 186.162, 1.8130, 364.450
1998.8, 187.998, 1.8355, 365.315
1999.3, 189.855, 1.8574, 366.190
1999.8, 191.734, 1.8786, 367.075
2000.3, 193.634, 1.8997, 367.970
2000.8, 195.554, 1.9207, 368.875
2001.3, 197.497, 1.9423, 369.789
2001.8, 199.460, 1.9636, 370.714
2002.3, 201.444, 1.9844, 371.649
2002.8, 203.449, 2.0045, 372.594
2003.3, 205.472, 2.0234, 373.547
2003.8, 207.513, 2.0410, 374.508
2004.3, 209.571, 2.0580, 375.478
2004.8, 211.646, 2.0741, 376.455
2005.3, 213.735, 2.0899, 377.439
2005.8, 215.841, 2.1051, 378.431
2006.3, 217.961, 2.1206, 379.430
2006.8, 220.097, 2.1361, 380.436
2007.3, 222.250, 2.1523, 381.450
2007.8, 224.419, 2.1692, 382.472
2008.3, 226.607, 2.1877, 383.503
2008.8, 228.814, 2.2070, 384.543
2009.3, 231.042, 2.2280, 385.592
2009.8, 233.292, 2.2505, 386.652
2010.3, 235.566, 2.2739, 387.724
2010.8, 237.864, 2.2983, 388.806
2011.3, 240.188, 2.3236, 389.901
2011.8, 242.537, 2.3493, 391.007
2012.3, 244.912, 2.3752, 392.126
2012.8, 247.313, 2.4008, 393.257
2013.3, 249.739, 2.4255, 394.400
2013.8, 252.188, 2.4490, 395.554
2014.3, 254.659, 2.4709, 396.718
2014.8, 257.150, 2.4915, 397.891
2015.3, 259.660, 2.5102, 399.074
2015.8, 262.187, 2.5267, 400.264
2016.3, 264.728, 2.5409, 401.461
2016.8, 267.281, 2.5526, 402.664
2017.3, 269.843, 2.5620, 403.871
2017.8, 272.412, 2.5696, 405.081
2018.3, 274.988, 2.5755, 406.294
2018.8, 277.568, 2.5800, 407.510
2019.3, 280.151, 2.5832, 408.727
2019.8, 282.736, 2.5849, 409.944
2020.3, 285.322, 2.5862, 411.163
2020.8, 287.908, 2.5862, 412.381
2021.3, 290.494, 2.5864, 413.599
